path,line_number,pattern,severity,action,redacted_context
scripts/k_gpcca_01_pilot_kernel_preflight.py,451,token,harmless,Harmless code/test vocabulary after inspection.,"        if any(token in column.lower() for token in [""spatial"", ""top"
scripts/k_gpcca_01_pilot_kernel_preflight.py,451,token,harmless,Harmless code/test vocabulary after inspection.,"        if any(token in column.lower() for token in [""spatial"", ""topology"", ""neighbor""])"
scripts/k_gpcca_01_pilot_kernel_preflight.py,456,token,harmless,Harmless code/test vocabulary after inspection.,"        if any(token in column.lower() for token in [""molecular"", ""e"
scripts/k_gpcca_01_pilot_kernel_preflight.py,456,token,harmless,Harmless code/test vocabulary after inspection.,"        if any(token in column.lower() for token in [""molecular"", ""embedding"", ""pca""])"
scripts/k_gpcca_04_kernel_revision_pilot.py,214,token,harmless,Harmless code/test vocabulary after inspection.,        lowered == token
scripts/k_gpcca_04_kernel_revision_pilot.py,215,token,harmless,Harmless code/test vocabulary after inspection.,"        or lowered.startswith(f""{token}_"")"
scripts/k_gpcca_04_kernel_revision_pilot.py,216,token,harmless,Harmless code/test vocabulary after inspection.,"        or lowered.endswith(f""_{token}"")"
scripts/k_gpcca_04_kernel_revision_pilot.py,217,token,harmless,Harmless code/test vocabulary after inspection.,        for token in denylist
scripts/k_gpcca_04_kernel_revision_pilot.py,224,token,harmless,Harmless code/test vocabulary after inspection.,"    if any(token in column for token in [""__n_neighbors"", ""__mea"
scripts/k_gpcca_04_kernel_revision_pilot.py,224,token,harmless,Harmless code/test vocabulary after inspection.,"    if any(token in column for token in [""__n_neighbors"", ""__mean_neighbor_distance"""
scripts/m1_03_build_niche_full.py,54,token,harmless,Harmless code/test vocabulary after inspection.,def _safe_token(value: object) -> str:
scripts/m1_03_build_niche_full.py,56,token,harmless,Harmless code/test vocabulary after inspection.,"    [REDACTED_CREDENTIAL_LIKE_VALUE]""[^0-9A-Za-z._-]+"", ""_"", text).strip("
scripts/m1_03_build_niche_full.py,57,token,harmless,Harmless code/test vocabulary after inspection.,"    return token or ""slice"""
scripts/m1_03_build_niche_full.py,408,token,harmless,Harmless code/test vocabulary after inspection.,        slice_[REDACTED_CREDENTIAL_LIKE_VALUE])
scripts/m1_03_build_niche_full.py,408,token,harmless,Harmless code/test vocabulary after inspection.,        slice_[REDACTED_CREDENTIAL_LIKE_VALUE])
scripts/m1_03_build_niche_full.py,410,token,harmless,Harmless code/test vocabulary after inspection.,"ure_base = output_dir / f""niche_features_{slice_token}"""
scripts/m1_03_build_niche_full.py,411,token,harmless,Harmless code/test vocabulary after inspection.,"bor_path = output_dir / f""neighbor_index_{slice_token}.npz"""
scripts/m1_03_build_niche_full.py,412,token,harmless,Harmless code/test vocabulary after inspection.,"th = output_dir / f""{args.report_prefix}_{slice_token}.md"""
scripts/m1_03a_prepare_global_schema.py,20,token,harmless,Harmless code/test vocabulary after inspection.,"port cell_type_composition_prefix, safe_feature_token"
scripts/m1_03a_prepare_global_schema.py,77,token,harmless,Harmless code/test vocabulary after inspection.,        [REDACTED_CREDENTIAL_LIKE_VALUE])
scripts/m1_03a_prepare_global_schema.py,77,token,harmless,Harmless code/test vocabulary after inspection.,        [REDACTED_CREDENTIAL_LIKE_VALUE])
scripts/m1_03a_prepare_global_schema.py,79,token,harmless,Harmless code/test vocabulary after inspection.,"            token,"
scripts/m1_03a_prepare_global_schema.py,83,token,harmless,Harmless code/test vocabulary after inspection.,"                ""token"": token,"
scripts/m1_03a_prepare_global_schema.py,83,token,harmless,Harmless code/test vocabulary after inspection.,"                ""token"": token,"
scripts/m1_03a_prepare_global_schema.py,84,token,harmless,Harmless code/test vocabulary after inspection.,"olumn"": f""{cell_type_composition_prefix(key)}__{token}"","
scripts/m1_03a_prepare_global_schema.py,138,token,harmless,Harmless code/test vocabulary after inspection.,"            ""| cell_type_key | label | token | column | n_cells | n_slices |"","
scripts/m1_03a_prepare_global_schema.py,144,token,harmless,Harmless code/test vocabulary after inspection.,"{row['cell_type_key']} | {row['label']} | {row['token']} | """
scripts/m1_03a_prepare_global_schema.py,205,token,harmless,Harmless code/test vocabulary after inspection.,"get(key, {}).values(), key=lambda row: str(row[""token""]))"
scripts/m1_03a_prepare_global_schema.py,210,token,harmless,Harmless code/test vocabulary after inspection.,"                ""token"": record[""token""],"
scripts/m1_03a_prepare_global_schema.py,210,token,harmless,Harmless code/test vocabulary after inspection.,"                ""token"": record[""token""],"
scripts/m1_03a_prepare_global_schema.py,220,token,harmless,Harmless code/test vocabulary after inspection.,"        [""cell_type_key"", ""token""], ignore_index=True"
scripts/m1_04_build_niche_full_by_slice.py,54,token,harmless,Harmless code/test vocabulary after inspection.,def _safe_token(value: object) -> str:
scripts/m1_04_build_niche_full_by_slice.py,57,token,harmless,Harmless code/test vocabulary after inspection.,"    [REDACTED_CREDENTIAL_LIKE_VALUE]""[^0-9A-Za-z._-]+"", ""_"", str(value))."
scripts/m1_04_build_niche_full_by_slice.py,58,token,harmless,Harmless code/test vocabulary after inspection.,"    return token or ""slice"""
scripts/m1_04_build_niche_full_by_slice.py,70,token,harmless,Harmless code/test vocabulary after inspection.,"            ""slice_token"": _safe_token(slice_id),"
scripts/m1_04_build_niche_full_by_slice.py,70,token,harmless,Harmless code/test vocabulary after inspection.,"            ""slice_token"": _safe_token(slice_id),"
scripts/m1_04_build_niche_full_by_slice.py,90,token,harmless,Harmless code/test vocabulary after inspection.,"    slice_dir = output_dir / str(record[""slice_token""])"
scripts/m1_04_build_niche_full_by_slice.py,91,token,harmless,Harmless code/test vocabulary after inspection.,"    [REDACTED_CREDENTIAL_LIKE_VALUE]""slice_token""])"
scripts/m1_04_build_niche_full_by_slice.py,91,token,harmless,Harmless code/test vocabulary after inspection.,"    [REDACTED_CREDENTIAL_LIKE_VALUE]""slice_token""])"
scripts/m1_04_build_niche_full_by_slice.py,92,token,harmless,Harmless code/test vocabulary after inspection.,"   parquet_path = slice_dir / f""niche_features_{token}.parquet"""
scripts/m1_04_build_niche_full_by_slice.py,93,token,harmless,Harmless code/test vocabulary after inspection.,"    csv_path = slice_dir / f""niche_features_{token}.csv"""
scripts/m1_04_build_niche_full_by_slice.py,100,token,harmless,Harmless code/test vocabulary after inspection.,"      ""neighbor"": slice_dir / f""neighbor_index_{token}.npz"","
scripts/m1_04_build_niche_full_by_slice.py,101,token,harmless,Harmless code/test vocabulary after inspection.,"        ""report"": slice_dir / f""m1_report_{token}.md"","
scripts/m3_02_sample_candidate_edges.py,56,token,harmless,Harmless code/test vocabulary after inspection.,def _safe_token(value: object) -> str:
scripts/m3_02_sample_candidate_edges.py,57,token,harmless,Harmless code/test vocabulary after inspection.,"    [REDACTED_CREDENTIAL_LIKE_VALUE]""[^0-9A-Za-z._-]+"", ""_"", str(value))."
scripts/m3_02_sample_candidate_edges.py,58,token,harmless,Harmless code/test vocabulary after inspection.,"    return token or ""time"""
scripts/m3_02_sample_candidate_edges.py,308,token,harmless,Harmless code/test vocabulary after inspection.,"            f""candidate_edges_{_safe_token(pair['source_time'])}_"""
scripts/m3_02_sample_candidate_edges.py,309,token,harmless,Harmless code/test vocabulary after inspection.,"            f""to_{_safe_token(pair['target_time'])}.parquet"""
scripts/m3_05_build_transition_pilot_shard.py,78,token,harmless,Harmless code/test vocabulary after inspection.,def _safe_token(value: object) -> str:
scripts/m3_05_build_transition_pilot_shard.py,79,token,harmless,Harmless code/test vocabulary after inspection.,"    [REDACTED_CREDENTIAL_LIKE_VALUE]""[^0-9A-Za-z._-]+"", ""_"", str(value))."
scripts/m3_05_build_transition_pilot_shard.py,80,token,harmless,Harmless code/test vocabulary after inspection.,"    return token or ""value"""
scripts/m3_05_build_transition_pilot_shard.py,88,token,harmless,Harmless code/test vocabulary after inspection.,"    stem = f""{_safe_token(source_time)}_to_{_safe_token(target_time)}__{_"
scripts/m3_05_build_transition_pilot_shard.py,88,token,harmless,Harmless code/test vocabulary after inspection.,"  stem = f""{_safe_token(source_time)}_to_{_safe_token(target_time)}__{_safe_token(slice_id)}"""
scripts/m3_05_build_transition_pilot_shard.py,88,token,harmless,Harmless code/test vocabulary after inspection.,"ce_time)}_to_{_safe_token(target_time)}__{_safe_token(slice_id)}"""
scripts/m3_06_run_transition_timepair_pilot.py,110,token,harmless,Harmless code/test vocabulary after inspection.,def token(value: object) -> str:
scripts/m3_06_run_transition_timepair_pilot.py,111,token,harmless,Harmless code/test vocabulary after inspection.,    return _PILOT._safe_token(value)
scripts/m3_06_run_transition_timepair_pilot.py,115,token,harmless,Harmless code/test vocabulary after inspection.,"    return f""{token(source_time)}_to_{token(target_time)}"""
scripts/m3_06_run_transition_timepair_pilot.py,115,token,harmless,Harmless code/test vocabulary after inspection.,"    return f""{token(source_time)}_to_{token(target_time)}"""
scripts/m3_10_design_slurm_full_m3_strategy.py,59,token,harmless,Harmless code/test vocabulary after inspection.,def _safe_token(value: object) -> str:
scripts/m3_10_design_slurm_full_m3_strategy.py,60,token,harmless,Harmless code/test vocabulary after inspection.,"    [REDACTED_CREDENTIAL_LIKE_VALUE]""[^0-9A-Za-z._-]+"", ""_"", str(value))."
scripts/m3_10_design_slurm_full_m3_strategy.py,61,token,harmless,Harmless code/test vocabulary after inspection.,"    return token or ""value"""
scripts/m3_10_design_slurm_full_m3_strategy.py,168,token,harmless,Harmless code/test vocabulary after inspection.,"target_time""].map(lambda value: f""target_{_safe_token(value)}"")"
scripts/m3_10_design_slurm_full_m3_strategy.py,180,token,harmless,Harmless code/test vocabulary after inspection.,"        str(output_root / f""{_safe_token(src)}_to_{_safe_token(tgt)}"")"
scripts/m3_10_design_slurm_full_m3_strategy.py,180,token,harmless,Harmless code/test vocabulary after inspection.,"tr(output_root / f""{_safe_token(src)}_to_{_safe_token(tgt)}"")"
scripts/m3_11_validate_ann_backend_on_sampled_shard.py,68,token,harmless,Harmless code/test vocabulary after inspection.,OUTPUT_TOKENS = [
scripts/m3_11_validate_ann_backend_on_sampled_shard.py,99,token,harmless,Harmless code/test vocabulary after inspection.,def _safe_token(value: object) -> str:
scripts/m3_11_validate_ann_backend_on_sampled_shard.py,105,token,harmless,Harmless code/test vocabulary after inspection.,"    stem = f""{_safe_token(source_time)}_to_{_safe_token(target_time)}__{_"
scripts/m3_11_validate_ann_backend_on_sampled_shard.py,105,token,harmless,Harmless code/test vocabulary after inspection.,"  stem = f""{_safe_token(source_time)}_to_{_safe_token(target_time)}__{_safe_token(source_slice_id)}"""
scripts/m3_11_validate_ann_backend_on_sampled_shard.py,105,token,harmless,Harmless code/test vocabulary after inspection.,"ce_time)}_to_{_safe_token(target_time)}__{_safe_token(source_slice_id)}"""
scripts/m3_11_validate_ann_backend_on_sampled_shard.py,162,token,harmless,Harmless code/test vocabulary after inspection.,    for token in OUTPUT_TOKENS:
scripts/m3_11_validate_ann_backend_on_sampled_shard.py,162,token,harmless,Harmless code/test vocabulary after inspection.,    for token in OUTPUT_TOKENS:
scripts/m3_11_validate_ann_backend_on_sampled_shard.py,163,token,harmless,Harmless code/test vocabulary after inspection.,        if token in lower:
scripts/m3_11_validate_ann_backend_on_sampled_shard.py,164,token,harmless,Harmless code/test vocabulary after inspection.,"-looking ANN validation output path containing {token!r}."")"
scripts/m3_12_validate_ann_backend_on_full_shard.py,50,token,harmless,Harmless code/test vocabulary after inspection.,OUTPUT_TOKENS = [
scripts/m3_12_validate_ann_backend_on_full_shard.py,91,token,harmless,Harmless code/test vocabulary after inspection.,def _safe_token(value: object) -> str:
scripts/m3_12_validate_ann_backend_on_full_shard.py,97,token,harmless,Harmless code/test vocabulary after inspection.,"    stem = f""{_safe_token(source_time)}_to_{_safe_token(target_time)}__{_"
scripts/m3_12_validate_ann_backend_on_full_shard.py,97,token,harmless,Harmless code/test vocabulary after inspection.,"  stem = f""{_safe_token(source_time)}_to_{_safe_token(target_time)}__{_safe_token(source_slice_id)}"""
scripts/m3_12_validate_ann_backend_on_full_shard.py,97,token,harmless,Harmless code/test vocabulary after inspection.,"ce_time)}_to_{_safe_token(target_time)}__{_safe_token(source_slice_id)}"""
scripts/m3_12_validate_ann_backend_on_full_shard.py,135,token,harmless,Harmless code/test vocabulary after inspection.,    for token in OUTPUT_TOKENS:
scripts/m3_12_validate_ann_backend_on_full_shard.py,135,token,harmless,Harmless code/test vocabulary after inspection.,    for token in OUTPUT_TOKENS:
scripts/m3_12_validate_ann_backend_on_full_shard.py,136,token,harmless,Harmless code/test vocabulary after inspection.,        if token in lower:
scripts/m3_12_validate_ann_backend_on_full_shard.py,137,token,harmless,Harmless code/test vocabulary after inspection.,"-looking ANN validation output path containing {token!r}."")"
scripts/m3_13_stress_test_ann_large_target_pair.py,47,token,harmless,Harmless code/test vocabulary after inspection.,OUTPUT_TOKENS = [
scripts/m3_13_stress_test_ann_large_target_pair.py,164,token,harmless,Harmless code/test vocabulary after inspection.,    for token in OUTPUT_TOKENS:
scripts/m3_13_stress_test_ann_large_target_pair.py,164,token,harmless,Harmless code/test vocabulary after inspection.,    for token in OUTPUT_TOKENS:
scripts/m3_13_stress_test_ann_large_target_pair.py,165,token,harmless,Harmless code/test vocabulary after inspection.,        if token in lower:
scripts/m3_13_stress_test_ann_large_target_pair.py,166,token,harmless,Harmless code/test vocabulary after inspection.,"am-looking M3-13 stress output path containing {token!r}."")"
scripts/m3_14_freeze_backend_and_dryrun_full_m3.py,29,token,harmless,Harmless code/test vocabulary after inspection.,OUTPUT_TOKENS = [
scripts/m3_14_freeze_backend_and_dryrun_full_m3.py,38,token,harmless,Harmless code/test vocabulary after inspection.,BENCHMARK_TOKENS = [
scripts/m3_14_freeze_backend_and_dryrun_full_m3.py,121,token,harmless,Harmless code/test vocabulary after inspection.,def _path_has_forbidden_token(path: Path) -> str | None:
scripts/m3_14_freeze_backend_and_dryrun_full_m3.py,126,token,harmless,Harmless code/test vocabulary after inspection.,        for token in OUTPUT_TOKENS:
scripts/m3_14_freeze_backend_and_dryrun_full_m3.py,126,token,harmless,Harmless code/test vocabulary after inspection.,        for token in OUTPUT_TOKENS:
scripts/m3_14_freeze_backend_and_dryrun_full_m3.py,127,token,harmless,Harmless code/test vocabulary after inspection.,            if token in lower:
scripts/m3_14_freeze_backend_and_dryrun_full_m3.py,128,token,harmless,Harmless code/test vocabulary after inspection.,                return token
scripts/m3_14_freeze_backend_and_dryrun_full_m3.py,139,token,harmless,Harmless code/test vocabulary after inspection.,    [REDACTED_CREDENTIAL_LIKE_VALUE])
scripts/m3_14_freeze_backend_and_dryrun_full_m3.py,139,token,harmless,Harmless code/test vocabulary after inspection.,    [REDACTED_CREDENTIAL_LIKE_VALUE])
scripts/m3_14_freeze_backend_and_dryrun_full_m3.py,140,token,harmless,Harmless code/test vocabulary after inspection.,    if token is not None:
scripts/m3_14_freeze_backend_and_dryrun_full_m3.py,141,token,harmless,Harmless code/test vocabulary after inspection.,"ing downstream-looking {label} path containing {token!r}: {path}"")"
scripts/m3_14_freeze_backend_and_dryrun_full_m3.py,326,token,harmless,Harmless code/test vocabulary after inspection.,def safe_token(value: object) -> str:
scripts/m3_14_freeze_backend_and_dryrun_full_m3.py,332,token,harmless,Harmless code/test vocabulary after inspection.,"    return root / f""{safe_token(source_time)}_to_{safe_token(target_time)}"" / s"
scripts/m3_14_freeze_backend_and_dryrun_full_m3.py,332,token,harmless,Harmless code/test vocabulary after inspection.,"urn root / f""{safe_token(source_time)}_to_{safe_token(target_time)}"" / safe_token(source_slice_id)"
scripts/m3_14_freeze_backend_and_dryrun_full_m3.py,332,token,harmless,Harmless code/test vocabulary after inspection.,"rce_time)}_to_{safe_token(target_time)}"" / safe_token(source_slice_id)"
scripts/m3_14_freeze_backend_and_dryrun_full_m3.py,379,token,harmless,Harmless code/test vocabulary after inspection.,"        stem = f""{safe_token(row['source_time'])}_to_{safe_token(row['target"
scripts/m3_14_freeze_backend_and_dryrun_full_m3.py,379,token,harmless,Harmless code/test vocabulary after inspection.,"m = f""{safe_token(row['source_time'])}_to_{safe_token(row['target_time'])}__{safe_token(row['source_s"
scripts/m3_14_freeze_backend_and_dryrun_full_m3.py,379,token,harmless,Harmless code/test vocabulary after inspection.,"'])}_to_{safe_token(row['target_time'])}__{safe_token(row['source_slice_id'])}"""
scripts/m3_14_freeze_backend_and_dryrun_full_m3.py,471,token,harmless,Harmless code/test vocabulary after inspection.,        [REDACTED_CREDENTIAL_LIKE_VALUE])
scripts/m3_14_freeze_backend_and_dryrun_full_m3.py,471,token,harmless,Harmless code/test vocabulary after inspection.,        [REDACTED_CREDENTIAL_LIKE_VALUE])
scripts/m3_14_freeze_backend_and_dryrun_full_m3.py,472,token,harmless,Harmless code/test vocabulary after inspection.,        if token is not None:
scripts/m3_14_freeze_backend_and_dryrun_full_m3.py,473,token,harmless,Harmless code/test vocabulary after inspection.,"Error(f""Planned output path contains downstream token {token!r}: {path}"")"
scripts/m3_14_freeze_backend_and_dryrun_full_m3.py,473,token,harmless,Harmless code/test vocabulary after inspection.,"""Planned output path contains downstream token {token!r}: {path}"")"
scripts/m3_14_freeze_backend_and_dryrun_full_m3.py,482,token,harmless,Harmless code/test vocabulary after inspection.,"def benchmark_token_scan(paths: list[Path]) -> dict[str, list[str]]"
scripts/m3_14_freeze_backend_and_dryrun_full_m3.py,488,token,harmless,Harmless code/test vocabulary after inspection.,        matches = [token for token in BENCHMARK_TOKENS if token in text]
scripts/m3_14_freeze_backend_and_dryrun_full_m3.py,488,token,harmless,Harmless code/test vocabulary after inspection.,        matches = [token for token in BENCHMARK_TOKENS if token in text]
scripts/m3_14_freeze_backend_and_dryrun_full_m3.py,488,token,harmless,Harmless code/test vocabulary after inspection.,        matches = [token for token in BENCHMARK_TOKENS if token in text]
scripts/m3_14_freeze_backend_and_dryrun_full_m3.py,488,token,harmless,Harmless code/test vocabulary after inspection.,tches = [token for token in BENCHMARK_TOKENS if token in text]
scripts/m3_14_freeze_backend_and_dryrun_full_m3.py,660,sk-,harmless,Harmless code/test vocabulary after inspection.,"        ""  --array-task-id \""${SLURM_ARRAY_TASK_ID}\"" \\"","
scripts/m3_14_freeze_backend_and_dryrun_full_m3.py,727,token,harmless,Harmless code/test vocabulary after inspection.,    scan_findings = benchmark_token_scan(
scripts/m3_14_freeze_backend_and_dryrun_full_m3.py,731,token,harmless,Harmless code/test vocabulary after inspection.,"e RuntimeError(f""Focused M3 core/config dataset-token scan found matches: {scan_findings}"")"
scripts/m3_v2_01_run_small_pilot.py,50,token,harmless,Harmless code/test vocabulary after inspection.,FORBIDDEN_OUTPUT_TOKENS = [
scripts/m3_v2_01_run_small_pilot.py,924,token,harmless,Harmless code/test vocabulary after inspection.,"    forbidden = ""\n"".join(FORBIDDEN_OUTPUT_TOKENS)"
scripts/m3_v2_01_run_small_pilot.py,925,token,harmless,Harmless code/test vocabulary after inspection.,    if any(token in str(output_root).lower() for token in forbid
scripts/m3_v2_01_run_small_pilot.py,925,token,harmless,Harmless code/test vocabulary after inspection.,   if any(token in str(output_root).lower() for token in forbidden.splitlines()):
scripts/m3_v2_01_run_small_pilot.py,926,token,harmless,Harmless code/test vocabulary after inspection.,"        raise ValueError(f""Forbidden output token in output root: {output_root}"")"
scripts/m3_v2_06_run_full_by_shard.py,114,token,harmless,Harmless code/test vocabulary after inspection.,FORBIDDEN_DOWNSTREAM_OUTPUT_TOKENS = [
scripts/m3_v2_06_run_full_by_shard.py,229,token,harmless,Harmless code/test vocabulary after inspection.,    forbidden = [token for token in FORBIDDEN_DOWNSTREAM_OUTPUT_TOKENS
scripts/m3_v2_06_run_full_by_shard.py,229,token,harmless,Harmless code/test vocabulary after inspection.,    forbidden = [token for token in FORBIDDEN_DOWNSTREAM_OUTPUT_TOKENS if token
scripts/m3_v2_06_run_full_by_shard.py,229,token,harmless,Harmless code/test vocabulary after inspection.,[token for token in FORBIDDEN_DOWNSTREAM_OUTPUT_TOKENS if token in serialized]
scripts/m3_v2_06_run_full_by_shard.py,229,token,harmless,Harmless code/test vocabulary after inspection., token in FORBIDDEN_DOWNSTREAM_OUTPUT_TOKENS if token in serialized]
scripts/m3_v2_06_run_full_by_shard.py,231,token,harmless,Harmless code/test vocabulary after inspection.," raise ValueError(f""Forbidden downstream output token(s) in output paths: {forbidden}"")"
scripts/m4c_01_compute_markov_fate_probabilities.py,547,token,harmless,Harmless code/test vocabulary after inspection., = [str(path) for path in paths.values() if any(token in str(path).lower() for token in forbidden)]
scripts/m4c_01_compute_markov_fate_probabilities.py,547,token,harmless,Harmless code/test vocabulary after inspection.,.values() if any(token in str(path).lower() for token in forbidden)]
scripts/m4e_01_endpoint_annotation_review.py,283,token,harmless,Harmless code/test vocabulary after inspection.,"            if any(token in c.lower() for token in [""cadinu"", ""moffitt"","
scripts/m4e_01_endpoint_annotation_review.py,283,token,harmless,Harmless code/test vocabulary after inspection.,"            if any(token in c.lower() for token in [""cadinu"", ""moffitt"", ""neighborhood"", ""leide"
scripts/m4e_02_extract_neighborhood_annotation.py,96,token,harmless,Harmless code/test vocabulary after inspection.,"            if any(token in c.lower() for token in [""leiden"", ""neigh"", """
scripts/m4e_02_extract_neighborhood_annotation.py,96,token,harmless,Harmless code/test vocabulary after inspection.,"            if any(token in c.lower() for token in [""leiden"", ""neigh"", ""cadinu"", ""moffitt"", ""ce"
scripts/planA_00_freeze_p_fate_branch.py,458,sk-,harmless,Harmless code/test vocabulary after inspection.,"        (""TASK-001"", ""Package M1/M2 reusable pipeline contract"""
scripts/planA_00_freeze_p_fate_branch.py,459,sk-,harmless,Harmless code/test vocabulary after inspection.,"        (""TASK-002"", ""Freeze P_fate branch"", ""P_fate"", ""complet"
scripts/planA_00_freeze_p_fate_branch.py,460,sk-,harmless,Harmless code/test vocabulary after inspection.,"        (""TASK-003"", ""Preserve P_fate artifacts read-only"", ""P_"
scripts/planA_00_freeze_p_fate_branch.py,461,sk-,harmless,Harmless code/test vocabulary after inspection.,"        (""TASK-004"", ""Design K_gpcca kernel"", ""K_gpcca"", ""needs"
scripts/planA_00_freeze_p_fate_branch.py,462,sk-,harmless,Harmless code/test vocabulary after inspection.,"        (""TASK-005"", ""Pilot K_gpcca with standard pyGPCCA"", ""K_"
scripts/planA_00_freeze_p_fate_branch.py,463,sk-,harmless,Harmless code/test vocabulary after inspection.,"        (""TASK-006"", ""Prepare DARLIN data inventory"", ""barcode "
scripts/planA_00_freeze_p_fate_branch.py,464,sk-,harmless,Harmless code/test vocabulary after inspection.,"        (""TASK-007"", ""Define barcode adapter contract"", ""barcod"
scripts/planA_00_freeze_p_fate_branch.py,465,sk-,harmless,Harmless code/test vocabulary after inspection.,"        (""TASK-008"", ""Run official DARLIN preprocessing outside"
scripts/planA_00_freeze_p_fate_branch.py,466,sk-,harmless,Harmless code/test vocabulary after inspection.,"        (""TASK-009"", ""Compare barcode/hybrid evidence against v"
scripts/planA_00_freeze_p_fate_branch.py,467,sk-,harmless,Harmless code/test vocabulary after inspection.,"        (""TASK-010"", ""Evaluate BranchSBM Plan B"", ""Plan B"", ""fu"
src/nichefate/niche.py,35,token,harmless,Harmless code/test vocabulary after inspection.,def safe_feature_token(value: object) -> str:
src/nichefate/niche.py,36,token,harmless,Harmless code/test vocabulary after inspection.,"    """"""Return the stable token used in M1 feature column names."""""""
src/nichefate/niche.py,39,token,harmless,Harmless code/test vocabulary after inspection.,"    [REDACTED_CREDENTIAL_LIKE_VALUE]""[^0-9A-Za-z]+"", ""_"", text).strip(""_"""
src/nichefate/niche.py,40,token,harmless,Harmless code/test vocabulary after inspection.,"    return token or ""na"""
src/nichefate/niche.py,50,token,harmless,Harmless code/test vocabulary after inspection.,"    }.get(cell_type_key, safe_feature_token(cell_type_key))"
src/nichefate/niche.py,53,token,harmless,Harmless code/test vocabulary after inspection.,def _safe_token(value: object) -> str:
src/nichefate/niche.py,54,token,harmless,Harmless code/test vocabulary after inspection.,    return safe_feature_token(value)
src/nichefate/niche.py,153,token,harmless,Harmless code/test vocabulary after inspection.,"    columns = [f""{prefix}__{_safe_token(level)}"" for level in levels]"
tests/test_m3_ann_and_slurm_strategy.py,187,token,harmless,Harmless code/test vocabulary after inspection.,"    for token in [""gpcca"", ""fate"", ""branched"", ""nicheflow"", """
tests/test_m3_ann_and_slurm_strategy.py,188,token,harmless,Harmless code/test vocabulary after inspection.,        assert token not in text
tests/test_m3_ann_and_slurm_strategy.py,190,token,harmless,Harmless code/test vocabulary after inspection.,"        assert all(token not in path.lower() for token in [""gpcca"", ""fat"
tests/test_m3_ann_and_slurm_strategy.py,190,token,harmless,Harmless code/test vocabulary after inspection.,"       assert all(token not in path.lower() for token in [""gpcca"", ""fate"", ""branched"", ""m5"", ""regulat"
tests/test_m3_ann_and_slurm_strategy.py,217,token,harmless,Harmless code/test vocabulary after inspection.,"    for token in [""Moffitt"", ""Cadinu"", ""DSS"", ""colon"", ""Day35"
tests/test_m3_ann_and_slurm_strategy.py,218,token,harmless,Harmless code/test vocabulary after inspection.,        assert token not in text
tests/test_m3_ann_full_shard_validation.py,200,token,harmless,Harmless code/test vocabulary after inspection.,"    for token in [""markov"", ""gpcca"", ""fate"", ""branched"", ""nic"
tests/test_m3_ann_full_shard_validation.py,201,token,harmless,Harmless code/test vocabulary after inspection.,        assert token not in text
tests/test_m3_ann_full_shard_validation.py,212,token,harmless,Harmless code/test vocabulary after inspection.,"    for token in [""Moffitt"", ""Cadinu"", ""DSS"", ""colon"", ""Day35"
tests/test_m3_ann_full_shard_validation.py,213,token,harmless,Harmless code/test vocabulary after inspection.,        assert token not in text
tests/test_m3_ann_large_target_stress.py,209,token,harmless,Harmless code/test vocabulary after inspection.,"    for token in [""markov"", ""gpcca"", ""fate"", ""branched"", ""nic"
tests/test_m3_ann_large_target_stress.py,210,token,harmless,Harmless code/test vocabulary after inspection.,        assert token not in text
tests/test_m3_ann_validation.py,218,token,harmless,Harmless code/test vocabulary after inspection.,"    for token in [""markov"", ""gpcca"", ""fate"", ""branched"", ""nic"
tests/test_m3_ann_validation.py,219,token,harmless,Harmless code/test vocabulary after inspection.,        assert token not in text
tests/test_m3_backend_freeze_and_dryrun.py,226,token,harmless,Harmless code/test vocabulary after inspection.,        assert m3_14._path_has_forbidden_token(Path(path)) is None
tests/test_m3_backend_freeze_and_dryrun.py,237,token,harmless,Harmless code/test vocabulary after inspection.,"    for token in [""Moffitt"", ""Cadinu"", ""DSS"", ""colon"", ""colit"
tests/test_m3_backend_freeze_and_dryrun.py,238,token,harmless,Harmless code/test vocabulary after inspection.,        assert token not in text
tests/test_m3_full_runner.py,234,token,harmless,Harmless code/test vocabulary after inspection.,"    for token in [""no_global_markov_p"", ""no_gpcca"", ""no_fate_"
tests/test_m3_full_runner.py,235,token,harmless,Harmless code/test vocabulary after inspection.,"        assert f'""{token}"": true' in payload"
tests/test_m3_pilot_review.py,167,token,harmless,Harmless code/test vocabulary after inspection.,"    for token in [""gpcca"", ""fate"", ""branched"", ""nicheflow"", """
tests/test_m3_pilot_review.py,168,token,harmless,Harmless code/test vocabulary after inspection.,        assert token not in names
tests/test_m3_pilot_shard.py,166,token,harmless,Harmless code/test vocabulary after inspection.,"    for token in [""Moffitt"", ""Cadinu"", ""DSS"", ""colon"", ""Day35"
tests/test_m3_pilot_shard.py,167,token,harmless,Harmless code/test vocabulary after inspection.,        assert token not in text
tests/test_m3_timepair_pilot_runner.py,271,token,harmless,Harmless code/test vocabulary after inspection.,"        [REDACTED_CREDENTIAL_LIKE_VALUE]""{prefix} {package}"""
tests/test_m3_timepair_pilot_runner.py,272,token,harmless,Harmless code/test vocabulary after inspection.,        assert token not in text
tests/test_m3_transition_contract.py,169,token,harmless,Harmless code/test vocabulary after inspection.,"    for token in [""D0"", ""D3"", ""D9"", ""D21"", ""D35"", ""Moffitt"", "
tests/test_m3_transition_contract.py,170,token,harmless,Harmless code/test vocabulary after inspection.,        assert token not in text
tests/test_m4a_markov_assembly.py,305,token,harmless,Harmless code/test vocabulary after inspection.,    assert not any(token in name.lower() for name in output_names for to
tests/test_m4a_markov_assembly.py,305,token,harmless,Harmless code/test vocabulary after inspection.,en in name.lower() for name in output_names for token in forbidden)
tests/test_m4b_terminal_design.py,140,token,harmless,Harmless code/test vocabulary after inspection.,"    assert not any(token in ""terminal_macrostate_assignments.parquet"" fo"
tests/test_m4b_terminal_design.py,140,token,harmless,Harmless code/test vocabulary after inspection.,"n ""terminal_macrostate_assignments.parquet"" for token in forbidden)"
tests/test_m4c_fate_probability.py,232,token,harmless,Harmless code/test vocabulary after inspection.,    assert not any(token in str(path).lower() for path in outputs.values
tests/test_m4c_fate_probability.py,232,token,harmless,Harmless code/test vocabulary after inspection.,(path).lower() for path in outputs.values() for token in forbidden)
tests/test_m4c_final_review.py,169,token,harmless,Harmless code/test vocabulary after inspection.,"    assert not any(token in str(path).lower() for key, path in outputs.i"
tests/test_m4c_final_review.py,169,token,harmless,Harmless code/test vocabulary after inspection.,"tputs.items() if key != ""final_figures_dir"" for token in forbidden)"
tests/test_m4d_standard_gpcca_backend.py,72,token,harmless,Harmless code/test vocabulary after inspection.,        assert not any(token in path.name.lower() for token in forbidden)
tests/test_m4d_standard_gpcca_backend.py,72,token,harmless,Harmless code/test vocabulary after inspection.,  assert not any(token in path.name.lower() for token in forbidden)
tests/test_m4d_standard_gpcca_env.py,53,token,harmless,Harmless code/test vocabulary after inspection.,        assert not any(token in path.name.lower() for token in forbidden)
tests/test_m4d_standard_gpcca_env.py,53,token,harmless,Harmless code/test vocabulary after inspection.,  assert not any(token in path.name.lower() for token in forbidden)
tests/test_niche.py,18,token,harmless,Harmless code/test vocabulary after inspection.,"    safe_feature_token,"
tests/test_niche.py,181,token,harmless,Harmless code/test vocabulary after inspection.,"    assert safe_feature_token(""A cell/type"") == ""a_cell_type"""
